type,title,director,cast,country,date_added,release_year,rating,duration,listed_in
Movie,Dick Johnson Is Dead,Kirsten Johnson,Unknow,United States,2021-09-25,2020,PG-13,90 min,Documentaries
TV Show,Blood & Water,Unknow,"Ama Qamata, Khosi Ngema, Gail Mabalane, Thabang Molaba, Dillon Windvogel, Natasha Thahane, Arno Greeff, Xolile Tshabalala, Getmore Sithole, Cindy Mahlangu, Ryle De Morny, Greteli Fincham, Sello Maake Ka-Ncube, Odwa Gwanya, Mekaila Mathys, Sandi Schultz, Duane Williams, Shamilla Miller, Patrick Mofokeng",South Africa,2021-09-24,2021,TV-MA,2 Seasons,"International TV Shows, TV Dramas, TV Mysteries"
TV Show,Ganglands,Julien Leclercq,"Sami Bouajila, Tracy Gotoas, Samuel Jouy, Nabiha Akkari, Sofia Lesaffre, Salim Kechiouche, Noureddine Farihi, Geert Van Rampelberg, Bakary Diombera",United States,2021-09-24,2021,TV-MA,1 Season,"Crime TV Shows, International TV Shows, TV Action & Adventure"
TV Show,Jailbirds New Orleans,Unknow,Unknow,United States,2021-09-24,2021,TV-MA,1 Season,"Docuseries, Reality TV"
TV Show,Kota Factory,Unknow,"Mayur More, Jitendra Kumar, Ranjan Raj, Alam Khan, Ahsaas Channa, Revathi Pillai, Urvi Singh, Arun Kumar",India,2021-09-24,2021,TV-MA,2 Seasons,"International TV Shows, Romantic TV Shows, TV Comedies"
TV Show,Midnight Mass,Mike Flanagan,"Kate Siegel, Zach Gilford, Hamish Linklater, Henry Thomas, Kristin Lehman, Samantha Sloyan, Igby Rigney, Rahul Kohli, Annarah Cymone, Annabeth Gish, Alex Essoe, Rahul Abburi, Matt Biedel, Michael Trucco, Crystal Balint, Louis Oliver",United States,2021-09-24,2021,TV-MA,1 Season,"TV Dramas, TV Horror, TV Mysteries"
Movie,My Little Pony: A New Generation,"Robert Cullen, José Luis Ucha","Vanessa Hudgens, Kimiko Glenn, James Marsden, Sofia Carson, Liza Koshy, Ken Jeong, Elizabeth Perkins, Jane Krakowski, Michael McKean, Phil LaMarr",United States,2021-09-24,2021,PG,91 min,Children & Family Movies
Movie,Sankofa,Haile Gerima,"Kofi Ghanaba, Oyafunmike Ogunlano, Alexandra Duah, Nick Medley, Mutabaruka, Afemo Omilami, Reggie Carter, Mzuri",United States,2021-09-24,1993,TV-MA,125 min,"Dramas, Independent Movies, International Movies"
TV Show,The Great British Baking Show,Andy Devonshire,"Mel Giedroyc, Sue Perkins, Mary Berry, Paul Hollywood",United Kingdom,2021-09-24,2021,TV-14,9 Seasons,"British TV Shows, Reality TV"
Movie,The Starling,Theodore Melfi,"Melissa McCarthy, Chris O'Dowd, Kevin Kline, Timothy Olyphant, Daveed Diggs, Skyler Gisondo, Laura Harrier, Rosalind Chao, Kimberly Quinn, Loretta Devine, Ravi Kapoor",United States,2021-09-24,2021,PG-13,104 min,"Comedies, Dramas"
TV Show,"Vendetta: Truth, Lies and The Mafia",Unknow,Unknow,United States,2021-09-24,2021,TV-MA,1 Season,"Crime TV Shows, Docuseries, International TV Shows"
TV Show,Bangkok Breaking,Kongkiat Komesiri,"Sukollawat Kanarot, Sushar Manaying, Pavarit Mongkolpisit, Sahajak Boonthanakit, Suthipongse Thatphithakkul, Bhasaworn Bawronkirati, Daweerit Chullasapya, Waratthaya Wongchayaporn, Kittiphoom Wongpentak, Abhicha Thanachanun, Nophand Boonyai, Kittipong Khamsat, Arisara Wongchalee, Jaytiya Naiwattanakul, Pantipa Arunwattanachai, Panupan Jantanawong, Kungtap Saelim, Phumphat Chartsuriyakiat, Issara Veranitinunt, Keerati Sivakuae, Panjai Sirisuwan, Supranee Charoenpol, Suda Chuenban, Visaka Banhansupavat, Pitchatorn Santinatornkul",United States,2021-09-23,2021,TV-MA,1 Season,"Crime TV Shows, International TV Shows, TV Action & Adventure"
Movie,Je Suis Karl,Christian Schwochow,"Luna Wedler, Jannis Niewöhner, Milan Peschel, Edin Hasanović, Anna Fialová, Marlon Boess, Victor Boccard, Fleur Geffrier, Aziz Dyab, Mélanie Fouché, Elizaveta Maximová",Germany,2021-09-23,2021,TV-MA,127 min,"Dramas, International Movies"
Movie,Confessions of an Invisible Girl,Bruno Garotti,"Klara Castanho, Lucca Picon, Júlia Gomes, Marcus Bessa, Kiria Malheiros, Fernanda Concon, Gabriel Lima, Caio Cabral, Leonardo Cidade, Jade Cardozo",United States,2021-09-22,2021,TV-PG,91 min,"Children & Family Movies, Comedies"
TV Show,Crime Stories: India Detectives,Unknow,Unknow,United States,2021-09-22,2021,TV-MA,1 Season,"British TV Shows, Crime TV Shows, Docuseries"
TV Show,Dear White People,Unknow,"Logan Browning, Brandon P. Bell, DeRon Horton, Antoinette Robertson, John Patrick Amedori, Ashley Blaine Featherson, Marque Richardson, Giancarlo Esposito",United States,2021-09-22,2021,TV-MA,4 Seasons,"TV Comedies, TV Dramas"
Movie,Europe's Most Dangerous Man: Otto Skorzeny in Spain,"Pedro de Echave García, Pablo Azorín Williams",Unknow,United States,2021-09-22,2020,TV-MA,67 min,"Documentaries, International Movies"
TV Show,Falsa identidad,Unknow,"Luis Ernesto Franco, Camila Sodi, Sergio Goyri, Samadhi Zendejas, Eduardo Yáñez, Sonya Smith, Alejandro Camacho, Azela Robinson, Uriel del Toro, Géraldine Bazán, Gabriela Roel, Marcus Ornellas",Mexico,2021-09-22,2020,TV-MA,2 Seasons,"Crime TV Shows, Spanish-Language TV Shows, TV Dramas"
Movie,Intrusion,Adam Salky,"Freida Pinto, Logan Marshall-Green, Robert John Burke, Megan Elisabeth Kelly, Sarah Minnich, Hayes Hargrove, Mark Sivertsen, Brandon Fierro, Antonio Valles, Clint Obenchain",United States,2021-09-22,2021,TV-14,94 min,Thrillers
TV Show,Jaguar,Unknow,"Blanca Suárez, Iván Marcos, Óscar Casas, Adrián Lastra, Francesc Garrido, Stefan Weinert, Julia Möller, Alicia Chojnowski",United States,2021-09-22,2021,TV-MA,1 Season,"International TV Shows, Spanish-Language TV Shows, TV Action & Adventure"
TV Show,Monsters Inside: The 24 Faces of Billy Milligan,Olivier Megaton,Unknow,United States,2021-09-22,2021,TV-14,1 Season,"Crime TV Shows, Docuseries, International TV Shows"
TV Show,Resurrection: Ertugrul,Unknow,"Engin Altan Düzyatan, Serdar Gökhan, Hülya Darcan, Kaan Taşaner, Esra Bilgiç, Osman Soykut, Serdar Deniz, Cengiz Coşkun, Reshad Strik, Hande Subaşı",Turkey,2021-09-22,2018,TV-14,5 Seasons,"International TV Shows, TV Action & Adventure, TV Dramas"
Movie,Avvai Shanmughi,K.S. Ravikumar,"Kamal Hassan, Meena, Gemini Ganesan, Heera Rajgopal, Nassar, S.P. Balasubrahmanyam",United States,2021-09-21,1996,TV-PG,161 min,"Comedies, International Movies"
Movie,Go! Go! Cory Carson: Chrissy Takes the Wheel,"Alex Woo, Stanley Moore","Maisie Benson, Paul Killam, Kerry Gudjohnsen, AC Lim",United States,2021-09-21,2021,TV-Y,61 min,Children & Family Movies
Movie,Jeans,S. Shankar,"Prashanth, Aishwarya Rai Bachchan, Sri Lakshmi, Nassar",India,2021-09-21,1998,TV-14,166 min,"Comedies, International Movies, Romantic Movies"
TV Show,Love on the Spectrum,Unknow,Brooke Satchwell,Australia,2021-09-21,2021,TV-14,2 Seasons,"Docuseries, International TV Shows, Reality TV"
Movie,Minsara Kanavu,Rajiv Menon,"Arvind Swamy, Kajol, Prabhu Deva, Nassar, S.P. Balasubrahmanyam, Girish Karnad",United States,2021-09-21,1997,TV-PG,147 min,"Comedies, International Movies, Music & Musicals"
Movie,Grown Ups,Dennis Dugan,"Adam Sandler, Kevin James, Chris Rock, David Spade, Rob Schneider, Salma Hayek, Maria Bello, Maya Rudolph, Colin Quinn, Tim Meadows, Joyce Van Patten",United States,2021-09-20,2010,PG-13,103 min,Comedies
Movie,Dark Skies,Scott Stewart,"Keri Russell, Josh Hamilton, J.K. Simmons, Dakota Goyo, Kadan Rockett, L.J. Benet, Rich Hutchman, Myndy Crist, Annie Thurman, Jake Brennan",United States,2021-09-19,2013,PG-13,97 min,"Horror Movies, Sci-Fi & Fantasy"
Movie,Paranoia,Robert Luketic,"Liam Hemsworth, Gary Oldman, Amber Heard, Harrison Ford, Lucas Till, Embeth Davidtz, Julian McMahon, Josh Holloway, Richard Dreyfuss, Angela Sarafyan",United States,2021-09-19,2013,PG-13,106 min,Thrillers
Movie,Ankahi Kahaniya,"Ashwiny Iyer Tiwari, Abhishek Chaubey, Saket Chaudhary","Abhishek Banerjee, Rinku Rajguru, Delzad Hiwale, Kunal Kapoor, Zoya Hussain, Nikhil Dwivedi, Palomi Ghosh",United States,2021-09-17,2021,TV-14,111 min,"Dramas, Independent Movies, International Movies"
TV Show,Chicago Party Aunt,Unknow,"Lauren Ash, Rory O'Malley, RuPaul Charles, Jill Talley, Ike Barinholtz, Jon Barinholtz, Matthew Craig, Bob Odenkirk, Mike Hagerty, Katie Rich, Chris Witaske",United States,2021-09-17,2021,TV-MA,1 Season,TV Comedies
TV Show,Sex Education,Unknow,"Asa Butterfield, Gillian Anderson, Ncuti Gatwa, Emma Mackey, Connor Swindells, Kedar Williams-Stirling, Alistair Petrie",United Kingdom,2021-09-17,2020,TV-MA,3 Seasons,"British TV Shows, International TV Shows, TV Comedies"
TV Show,Squid Game,Unknow,"Lee Jung-jae, Park Hae-soo, Wi Ha-jun, Oh Young-soo, Jung Ho-yeon, Heo Sung-tae, Kim Joo-ryoung, Tripathi Anupam, You Seong-joo, Lee You-mi",United States,2021-09-17,2021,TV-MA,1 Season,"International TV Shows, TV Dramas, TV Thrillers"
TV Show,Tayo and Little Wizards,Unknow,"Dami Lee, Jason Lee, Bommie Catherine Han, Jennifer Waescher, Nancy Kim",United States,2021-09-17,2020,TV-Y7,1 Season,Kids' TV
Movie,The Father Who Moves Mountains,Daniel Sandu,"Adrian Titieni, Elena Purea, Judith State, Valeriu Andriuță, Tudor Smoleanu, Virgil Aioanei, Radu Botar, Petronela Grigorescu, Bogdan Nechifor, Cristian Bota",United States,2021-09-17,2021,TV-MA,110 min,"Dramas, International Movies, Thrillers"
Movie,The Stronghold,Cédric Jimenez,"Gilles Lellouche, Karim Leklou, François Civil, Adèle Exarchopoulos, Kenza Fortas, Cyril Lecomte, Michaël Abiteboul, Idir Azougli, Vincent Darmuzey, Jean-Yves Berteloot",United States,2021-09-17,2021,TV-MA,105 min,"Action & Adventure, Dramas, International Movies"
TV Show,Angry Birds,Unknow,"Antti Pääkkönen, Heljä Heikkinen, Lynne Guaglione, Pasi Ruohonen, Rauno Ahonen",Finland,2021-09-16,2018,TV-Y7,1 Season,"Kids' TV, TV Comedies"
Movie,Birth of the Dragon,George Nolfi,"Billy Magnussen, Ron Yuan, Qu Jingjing, Terry Chen, Vanness Wu, Jin Xing, Philip Ng, Xia Yu, Yu Xia",China,2021-09-16,2017,PG-13,96 min,"Action & Adventure, Dramas"
TV Show,Chhota Bheem,Unknow,"Vatsal Dubey, Julie Tejwani, Rupa Bhimani, Jigna Bhardwaj, Rajesh Kava, Mousam, Swapnil",India,2021-09-16,2021,TV-Y7,3 Seasons,Kids' TV
TV Show,He-Man and the Masters of the Universe,Unknow,"Yuri Lowenthal, Kimberly Brooks, Antony Del Rio, Trevor Devall, Ben Diskin, Grey Griffin, David Kaye, Tom Kenny, Judy Alice Lee, Roger Craig Smith, Fred Tatasciore",United States,2021-09-16,2021,TV-Y7,1 Season,"Kids' TV, TV Sci-Fi & Fantasy"
Movie,Jaws,Steven Spielberg,"Roy Scheider, Robert Shaw, Richard Dreyfuss, Lorraine Gary, Murray Hamilton, Carl Gottlieb, Jeffrey Kramer, Susan Backlinie, Jonathan Filley, Ted Grossman",United States,2021-09-16,1975,PG,124 min,"Action & Adventure, Classic Movies, Dramas"
Movie,Jaws 2,Jeannot Szwarc,"Roy Scheider, Lorraine Gary, Murray Hamilton, Joseph Mascolo, Jeffrey Kramer, Collin Wilcox Paxton, Ann Dusenberry, Mark Gruner, Barry Coe, Susan French",United States,2021-09-16,1978,PG,116 min,"Dramas, Horror Movies, Thrillers"
Movie,Jaws 3,Joe Alves,"Dennis Quaid, Bess Armstrong, Simon MacCorkindale, Louis Gossett Jr., John Putch, Lea Thompson, P.H. Moriarty, Dan Blasko, Liz Morris, Lisa Maurer",United States,2021-09-16,1983,PG,98 min,"Action & Adventure, Horror Movies, Thrillers"
Movie,Jaws: The Revenge,Joseph Sargent,"Lorraine Gary, Lance Guest, Mario Van Peebles, Karen Young, Michael Caine, Judith Barsi, Mitchell Anderson, Lynn Whitfield",United States,2021-09-16,1987,PG-13,91 min,"Action & Adventure, Horror Movies, Thrillers"
Movie,My Heroes Were Cowboys,Tyler Greco,Unknow,United States,2021-09-16,2021,PG,23 min,Documentaries
Movie,Safe House,Daniel Espinosa,"Denzel Washington, Ryan Reynolds, Vera Farmiga, Brendan Gleeson, Sam Shepard, Rubén Blades, Nora Arnezeder, Robert Patrick, Liam Cunningham, Joel Kinnaman",South Africa,2021-09-16,2012,R,115 min,Action & Adventure
TV Show,The Smart Money Woman,Bunmi Ajakaiye,"Osas Ighodaro, Ini Dima-Okojie, Kemi Lala Akindoju, Toni Tones, Ebenezer Eno, Eso Okolocha DIke, Patrick Diabuah, Karibi Fubara, Temisan Emmanuel, Timini Egbuson",United States,2021-09-16,2020,TV-MA,1 Season,"International TV Shows, Romantic TV Shows, TV Comedies"
Movie,Training Day,Antoine Fuqua,"Denzel Washington, Ethan Hawke, Scott Glenn, Tom Berenger, Harris Yulin, Raymond J. Barry, Cliff Curtis, Dr. Dre, Snoop Dogg, Macy Gray, Eva Mendes",United States,2021-09-16,2001,R,122 min,"Dramas, Thrillers"
TV Show,Castle and Castle,Unknow,"Richard Mofe-Damijo, Dakore Akande, Bimbo Manuel, Blossom Chukwujekwu, Deyemi Okanlawon, Etim Effiong, Denola Grey, Duke Akintola, Eku Edewor, Ade Laoye, Anee Icha, Kevin Ushi, Jude Chukwuka, Amanda Afolabi",Nigeria,2021-09-15,2021,TV-MA,2 Seasons,"International TV Shows, TV Dramas"
TV Show,Dharmakshetra,Unknow,"Kashmira Irani, Chandan Anand, Dinesh Mehta, Ankit Arora, Pushkar Goggiaa, Anjali Rana, Aarya DharmChand Kumar, Amit Behl, Maleeka Ghai",India,2021-09-15,2014,TV-PG,1 Season,"International TV Shows, TV Dramas, TV Sci-Fi & Fantasy"
Movie,InuYasha the Movie 2: The Castle Beyond the Looking Glass,Toshiya Shinohara,"Kappei Yamaguchi, Satsuki Yukino, Mieko Harada, Koji Tsujitani, Houko Kuwashima, Kumiko Watanabe, Noriko Hidaka, Kenichi Ogata, Toshiyuki Morikawa, Izumi Ogami",Japan,2021-09-15,2002,TV-14,99 min,"Action & Adventure, Anime Features, International Movies"
Movie,InuYasha the Movie 3: Swords of an Honorable Ruler,Toshiya Shinohara,"Kappei Yamaguchi, Satsuki Yukino, Koji Tsujitani, Houko Kuwashima, Kumiko Watanabe, Ken Narita, Akio Otsuka, Kikuko Inoue",Japan,2021-09-15,2003,TV-14,99 min,"Action & Adventure, Anime Features, International Movies"
Movie,InuYasha the Movie 4: Fire on the Mystic Island,Toshiya Shinohara,"Kappei Yamaguchi, Satsuki Yukino, Koji Tsujitani, Houko Kuwashima, Kumiko Watanabe, Noriko Hidaka, Ken Narita, Cho, Mamiko Noto, Nobutoshi Canna",Japan,2021-09-15,2004,TV-PG,88 min,"Action & Adventure, Anime Features, International Movies"
Movie,InuYasha the Movie: Affections Touching Across Time,Toshiya Shinohara,"Kappei Yamaguchi, Satsuki Yukino, Koji Tsujitani, Houko Kuwashima, Kumiko Watanabe, Kenichi Ogata, Noriko Hidaka, Hisako Kyoda, Ken Narita, Tomokazu Seki",Japan,2021-09-15,2001,TV-PG,100 min,"Action & Adventure, Anime Features, International Movies"
TV Show,Nailed It,Unknow,"Nicole Byer, Jacques Torres",United States,2021-09-15,2021,TV-PG,6 Seasons,Reality TV
Movie,Naruto Shippuden the Movie: Blood Prison,Masahiko Murata,"Junko Takeuchi, Chie Nakamura, Rikiya Koyama, Kazuhiko Inoue, Masaki Terasoma, Mie Sonozaki, Yuichi Nakamura, Kengo Kawanishi, Kosei Hirota, Masako Katsuki",Japan,2021-09-15,2011,TV-14,102 min,"Action & Adventure, Anime Features, International Movies"
Movie,Naruto Shippûden the Movie: Bonds,Hajime Kamegaki,"Junko Takeuchi, Chie Nakamura, Noriaki Sugiyama, Unsho Ishizuka, Motoko Kumai, Kazuhiko Inoue, Rikiya Koyama, Showtaro Morikubo, Nana Mizuki, Satoshi Hino, Shinji Kawada",Japan,2021-09-15,2008,TV-PG,93 min,"Action & Adventure, Anime Features, International Movies"
Movie,Naruto Shippûden the Movie: The Will of Fire,Masahiko Murata,"Junko Takeuchi, Chie Nakamura, Kazuhiko Inoue, Satoshi Hino, Showtaro Morikubo, Kentaro Ito, Ryoka Yuzuki, Kohsuke Toriumi, Nana Mizuki, Shinji Kawada, Yoichi Masukawa, Koichi Tochika, Yukari Tamura",Japan,2021-09-15,2009,TV-PG,96 min,"Action & Adventure, Anime Features, International Movies"
Movie,Naruto Shippuden: The Movie,Hajime Kamegaki,"Junko Takeuchi, Chie Nakamura, Yoichi Masukawa, Koichi Tochika, Ayumi Fujimura, Keisuke Oda, Daisuke Kishio, Fumiko Orikasa, Hidetoshi Nakamura, Tetsuya Kakihara, Kisho Taniyama, Miyuki Sawashiro, Katsuyuki Konishi, Masako Katsuki, Keiko Nemoto, Masashi Ebara, Kazuhiko Inoue, Showtaro Morikubo, Romi Park, Daisuke Ono, Seizo Kato",Japan,2021-09-15,2007,TV-PG,95 min,"Action & Adventure, Anime Features, International Movies"
Movie,Naruto Shippuden: The Movie: The Lost Tower,Masahiko Murata,"Junko Takeuchi, Chie Nakamura, Satoshi Hino, Rikiya Koyama, Nobuaki Fukuda, Kenji Hamada, Keiko Nemoto, Saori Hayami, Yumi Toma, Yuko Kobayashi, Fujiko Takimoto, Mutsumi Tamura, Mayuki Makiguchi, Toshiyuki Morikawa",Japan,2021-09-15,2010,TV-14,85 min,"Action & Adventure, Anime Features, International Movies"
Movie,Naruto the Movie 2: Legend of the Stone of Gelel,Hirotsugu Kawasaki,"Junko Takeuchi, Gamon Kaai, Chie Nakamura, Showtaro Morikubo, Akira Ishida, Yasuyuki Kase, Urara Takano, Sachiko Kojima, Houko Kuwashima, Takako Honda",Japan,2021-09-15,2005,TV-PG,97 min,"Action & Adventure, Anime Features, International Movies"
Movie,Naruto the Movie 3: Guardians of the Crescent Moon Kingdom,Toshiyuki Tsuru,"Junko Takeuchi, Chie Nakamura, Yoichi Masukawa, Kazuhiko Inoue, Akio Otsuka, Kyousuke Ikeda, Marika Hayashi, Umeji Sasaki, Masashi Sugawara, Hisao Egawa",Japan,2021-09-15,2006,TV-PG,95 min,"Action & Adventure, Anime Features, International Movies"
Movie,Naruto the Movie: Ninja Clash in the Land of Snow,Tensai Okamura,"Junko Takeuchi, Noriaki Sugiyama, Chie Nakamura, Kazuhiko Inoue, Yuhko Kaida, Tsutomu Isobe, Hirotaka Suzuoki, Jun Karasawa, Harii Kaneko, Ikuo Nishikawa",Japan,2021-09-15,2004,TV-PG,83 min,"Action & Adventure, Anime Features, International Movies"
Movie,Nightbooks,David Yarovesky,"Winslow Fegley, Lidya Jewett, Krysten Ritter",United States,2021-09-15,2021,TV-PG,103 min,Children & Family Movies
TV Show,Numberblocks,Unknow,"Beth Chalmers, David Holt, Marcel McCalla, Teresa Gallagher",United Kingdom,2021-09-15,2021,TV-Y,6 Seasons,Kids' TV
TV Show,Raja Rasoi Aur Anya Kahaniyan,Unknow,Unknow,India,2021-09-15,2014,TV-G,1 Season,"Docuseries, International TV Shows"
TV Show,Saved by the Bell,Unknow,"Mark-Paul Gosselaar, Tiffani Thiessen, Mario Lopez, Lark Voorhies, Elizabeth Berkley, Dustin Diamond, Dennis Haskins",United States,2021-09-15,1994,TV-PG,9 Seasons,"Kids' TV, TV Comedies"
Movie,Schumacher,"Hanns-Bruno Kammertöns, Vanessa Nöcker, Michael Wech",Michael Schumacher,United States,2021-09-15,2021,TV-14,113 min,"Documentaries, International Movies, Sports Movies"
TV Show,Stories by Rabindranath Tagore,Unknow,Unknow,India,2021-09-15,2015,TV-PG,1 Season,"International TV Shows, TV Dramas"
TV Show,Too Hot To Handle: Latino,Unknow,Itatí Cantoral,United States,2021-09-15,2021,TV-MA,1 Season,"International TV Shows, Reality TV, Romantic TV Shows"
Movie,A StoryBots Space Adventure,David A. Vargas,"Evan Spiridellis, Erin Fitzgerald, Jeff Gill, Fred Tatasciore, Evan Michael Lee, Jared Isaacman, Sian Proctor, Chris Sembroski, Hayley Arceneaux",United States,2021-09-14,2021,TV-Y,13 min,Children & Family Movies
TV Show,Jack Whitehall: Travels with My Father,Unknow,"Jack Whitehall, Michael Whitehall",United Kingdom,2021-09-14,2021,TV-MA,5 Seasons,"British TV Shows, Docuseries, International TV Shows"
Movie,King of Boys,Kemi Adetiba,"Sola Sobowale, Adesua Etomi, Remilekun ""Reminisce"" Safaru, Tobechukwu ""iLLbliss"" Ejiofor, Toni Tones, Paul Sambo, Jide Kosoko, Sharon Ooja",Nigeria,2021-09-14,2018,TV-MA,182 min,"Dramas, International Movies"
TV Show,The World's Most Amazing Vacation Rentals,Unknow,Unknow,United States,2021-09-14,2021,TV-PG,2 Seasons,Reality TV
Movie,You vs. Wild: Out Cold,Ben Simms,"Bear Grylls, Jason Derek Prempeh",United States,2021-09-14,2021,TV-G,106 min,Children & Family Movies
TV Show,Yowamushi Pedal,Unknow,"Daiki Yamashita, Kohsuke Toriumi, Jun Fukushima, Hiroki Yasumoto, Showtaro Morikubo, Kentaro Ito, Daisuke Kishio, Yoshitsugu Matsuoka, Junichi Suwabe, Ayaka Suwa, Megumi Han, Tomoaki Maeno, Tsubasa Yonaga, Tetsuya Kakihara, Satoshi Hino, Hiroyuki Yoshino, Atsushi Abe, Koji Yusa, Kouki Miyata, Hiro Shimono, Wataru Hatano, Yuichi Nakamura, Kenji Nojima, Mamoru Miyano, Daisuke Ono, Yuma Uchida, Jun Fukuyama",Japan,2021-09-14,2013,TV-14,1 Season,"Anime Series, International TV Shows"
Movie,Little Singham - Black Shadow,Prakash Satam,"Sumriddhi Shukla, Jigna Bharadwaj, Sonal Kaushal, Neshma Chemburkar, Ganesh Divekar, Annamaya Verma, Anamay Verma, Manoj Pandey",United States,2021-09-11,2021,TV-Y7,48 min,"Children & Family Movies, Comedies"
Movie,Tughlaq Durbar,Delhiprasad Deenadayalan,"Vijay Sethupathi, Parthiban, Raashi Khanna",United States,2021-09-11,2020,TV-14,145 min,"Comedies, Dramas, International Movies"
Movie,Tughlaq Durbar (Telugu),Delhiprasad Deenadayalan,"Vijay Sethupathi, Parthiban, Raashi Khanna",United States,2021-09-11,2021,TV-14,145 min,"Comedies, Dramas, International Movies"
Movie,Firedrake the Silver Dragon,Tomer Eshed,"Thomas Brodie-Sangster, Felicity Jones, Freddie Highmore, Patrick Stewart, Meera Syal, Sanjeev Bhaskar, Nonso Anozie",United States,2021-09-10,2021,TV-Y7,93 min,Children & Family Movies
Movie,Kate,Cedric Nicolas-Troyan,"Mary Elizabeth Winstead, Jun Kunimura, Woody Harrelson, Tadanobu Asano, Miyavi, Michiel Huisman, Miku Martineau",United States,2021-09-10,2021,R,106 min,Action & Adventure
TV Show,Lucifer,Unknow,"Tom Ellis, Lauren German, Kevin Alejandro, D.B. Woodside, Lesley-Ann Brandt, Scarlett Estevez, Rachael Harris, Aimee Garcia, Tricia Helfer, Tom Welling, Jeremiah W. Birkett, Pej Vahdat, Michael Gladis",United States,2021-09-10,2021,TV-14,6 Seasons,"Crime TV Shows, TV Comedies, TV Dramas"
TV Show,Metal Shop Masters,Unknow,Jo Koy,United States,2021-09-10,2021,TV-MA,1 Season,Reality TV
Movie,Omo Ghetto: the Saga,"JJC Skillz, Funke Akindele","Funke Akindele, Ayo Makun, Chioma Chukwuka Akpotha, Yemi Eberechi Alade, Blossom Chukwujekwu, Deyemi Okanlawon, Alexx Ekubo, Zubby Michael, Tina Mba, Femi Jacobs",Nigeria,2021-09-10,2020,TV-MA,147 min,"Action & Adventure, Comedies, Dramas"
TV Show,Pokémon Master Journeys: The Series,Unknow,"Ikue Otani, Sarah Natochenny, Zeno Robinson, Cherami Leigh, James Carter Cathcart, Michele Knotz, Rodger Parsons, Ray Chase, Casey Mongillo, Tara Sands",United States,2021-09-10,2021,TV-Y7,1 Season,"Anime Series, Kids' TV"
Movie,Prey,Thomas Sieben,"David Kross, Hanno Koffler, Maria Ehrich, Robert Finster, Yung Ngo, Klaus Steinbacher, Livia Matthes, Nellie Thalbach",United States,2021-09-10,2021,TV-MA,87 min,"International Movies, Thrillers"
TV Show,Titipo Titipo,Unknow,"Jeon Hae-ri, Kim Eun-ah, Hong Bum-ki, Nam Do-hyeong, Um Sang-hyun",United States,2021-09-10,2019,TV-Y,2 Seasons,"Kids' TV, Korean TV Shows"
Movie,Blood Brothers: Malcolm X & Muhammad Ali,Marcus Clarke,"Malcolm X, Muhammad Ali",United States,2021-09-09,2021,PG-13,96 min,"Documentaries, Sports Movies"
TV Show,Mighty Raju,Unknow,"Julie Tejwani, Sabina Malik, Jigna Bhardwaj, Rupa Bhimani, Lalit Agarwal, Rajesh Shukla, Rajesh Kava",United States,2021-09-09,2017,TV-Y7,4 Seasons,Kids' TV
Movie,Paradise Hills,Alice Waddington,"Emma Roberts, Danielle Macdonald, Awkwafina, Eiza González, Milla Jovovich, Jeremy Irvine, Arnaud Valois, Daniel Horvath",Spain,2021-09-09,2019,TV-MA,95 min,"Sci-Fi & Fantasy, Thrillers"
Movie,The Women and the Murderer,"Mona Achache, Patricia Tourancheau",Unknow,France,2021-09-09,2021,TV-14,92 min,"Documentaries, International Movies"
TV Show,Into the Night,Unknow,"Pauline Etienne, Laurent Capelluto, Stefano Cassetti, Mehmet Kurtuluş, Babetida Sadjo, Jan Bijvoet, Ksawery Szlenkier, Vincent Londez, Regina Bikkinina, Alba Gaïa Kraghede Bellugi, Nabil Mallat",Belgium,2021-09-08,2021,TV-MA,2 Seasons,"International TV Shows, TV Dramas, TV Mysteries"
Movie,JJ+E,Alexis Almström,"Elsa Öhrn, Mustapha Aarab, Jonay Pineda Skallak, Magnus Krepper, Loreen, Albin Grenholm, Simon Mezher, Elsa Bergström Terent, Josef Kadim, Yohannes Frezgi",United States,2021-09-08,2021,TV-MA,91 min,"Dramas, International Movies, Romantic Movies"
Movie,Show Dogs,Raja Gosnell,"Will Arnett, Ludacris, Natasha Lyonne, Stanley Tucci, Jordin Sparks, Gabriel Iglesias, Shaquille O'Neal, Omar Chaparro, Alan Cumming, Andy Beckwith, Delia Sheppard, Kerry Shale",United Kingdom,2021-09-08,2018,PG,90 min,"Children & Family Movies, Comedies"
TV Show,The Circle,Unknow,Michelle Buteau,United States,2021-09-08,2021,TV-MA,3 Seasons,Reality TV
Movie,If I Leave Here Tomorrow: A Film About Lynyrd Skynyrd,Stephen Kijak,"Ronnie Van Zandt, Gary Rossington, Allen Collins, Leon Wilkeson, Bob Burns, Billy Powell, Ed King, Artimus Pyle, Steve Gaines, Johnny Van Zant",United States,2021-09-07,2018,TV-MA,97 min,"Documentaries, Music & Musicals"
TV Show,Kid Cosmic,Unknow,"Jack Fisher, Tom Kenny, Amanda C. Miller, Kim Yarbrough, Keith Ferguson, Grey Griffin, Lily Rose Silver",United States,2021-09-07,2021,TV-Y7,2 Seasons,"Kids' TV, TV Comedies, TV Sci-Fi & Fantasy"
TV Show,Octonauts: Above & Beyond,Unknow,"Antonio Aakeel, Chipo Chung, Simon Foster, Teresa Gallagher, Simon Greenall, Kate Harbour, Paul Panting, Rob Rackstraw, William Vanderpuye, Helen Walsh, Keith Wickham, Andres Williams, Jo Wyatt",United Kingdom,2021-09-07,2021,TV-Y,1 Season,"British TV Shows, Kids' TV"
TV Show,On the Verge,Unknow,"Julie Delpy, Elisabeth Shue, Sarah Jones, Alexia Landeau, Mathieu Demy, Troy Garity, Timm Sharp, Giovanni Ribisi",France,2021-09-07,2021,TV-MA,1 Season,"TV Comedies, TV Dramas"
TV Show,Tobot Galaxy Detectives,Unknow,"Austin Abell, Travis Turner, Cole Howard, Anna Cummer, Jesse Inocalla, Brian Dobson, Michael Adamthwaite, Joseph Girgis, Caitlyn Bairstow",United States,2021-09-07,2019,TV-Y7,2 Seasons,Kids' TV
Movie,Untold: Breaking Point,"Chapman Way, Maclain Way",Unknow,United States,2021-09-07,2021,TV-MA,80 min,"Documentaries, Sports Movies"
TV Show,Countdown: Inspiration4 Mission to Space,Jason Hehir,Unknow,United States,2021-09-06,2021,TV-14,1 Season,"Docuseries, Science & Nature TV"
Movie,Shadow Parties,Yemi Amodu,"Jide Kosoko, Omotola Jalade-Ekeinde, Yemi Blaq, Sola Sobowale, Ken Erics, Toyin Aimakhu, Segun Arinze, Jibola Dabo, Rotimi Salami, Pa Jimi Solanke, Rachael Okonkwo, Bassey Okon, Lucien Morgan, Magdalena Korpas",United States,2021-09-06,2020,TV-MA,117 min,"Dramas, International Movies, Thrillers"
TV Show,Tayo the Little Bus,Unknow,"Robyn Slade, Kami Desilets",South Korea,2021-09-06,2016,TV-Y,2 Seasons,"Kids' TV, Korean TV Shows"
Movie,Angamaly Diaries,Lijo Jose Pellissery,"Antony Varghese, Reshma Rajan, Binny Rinky Benjamin, Vineeth Vishwam, Kichu Tellus, Sreekanth Dasan, Sarath Kumar, Tito Wilson, Anandhu, Bitto Davis, Sinoj Varghese",India,2021-09-05,2017,TV-14,128 min,"Action & Adventure, Comedies, Dramas"
TV Show,Bunk'd,Unknow,"Peyton List, Karan Brar, Skai Jackson, Miranda May, Kevin G. Quinn, Nathan Arenas, Nina Lu",United States,2021-09-05,2021,TV-G,5 Seasons,"Kids' TV, TV Comedies"
Movie,A Champion Heart,David de Vos,"Mandy Grace, David de Vos, Donna Rusch, Devan Key, Isabella Mancuso, Ariana Guido",United States,2021-09-04,2018,G,90 min,"Children & Family Movies, Dramas"
TV Show,Dive Club,Unknow,"Aubri Ibrag, Sana'a Shaik, Miah Madden, Mercy Cornwall, Georgia-May Davis, Ryan Harrison, Josh Heuston, Alexander Grant",Australia,2021-09-03,2021,TV-G,1 Season,"Kids' TV, TV Dramas, Teen TV Shows"
TV Show,La casa de papel,Unknow,"Úrsula Corberó, Itziar Ituño, Álvaro Morte, Paco Tous, Enrique Arce, Pedro Alonso, María Pedraza, Alba Flores, Miguel Herrán, Jaime Lorente, Esther Acebo, Darko Peric, Kiti Mánver",Spain,2021-09-03,2021,TV-MA,5 Seasons,"Crime TV Shows, International TV Shows, Spanish-Language TV Shows"
TV Show,Money Heist: From Tokyo to Berlin,"Luis Alfaro, Javier Gómez Santander",Unknow,United States,2021-09-03,2021,TV-MA,1 Season,"Docuseries, International TV Shows, Spanish-Language TV Shows"
TV Show,Sharkdog,Unknow,"Liam Mitchell, Dee Bradley Baker, Grey Griffin, Josh McDermitt, Kari Wahlgren, Judy Alice Lee, Ali Mawji",United States,2021-09-03,2021,TV-Y,1 Season,Kids' TV
Movie,Worth,Sara Colangelo,"Michael Keaton, Stanley Tucci, Amy Ryan, Shunori Ramanathan, Ato Blankson-Wood, Tate Donovan, Laura Benanti, Chris Tardio",United States,2021-09-03,2021,PG-13,119 min,Dramas
Movie,Afterlife of the Party,Stephen Herek,"Victoria Justice, Midori Francis, Robyn Scott, Adam Garcia, Timothy Renouf, Gloria Garcia, Myfanwy Waring, Spencer Sutherland",United States,2021-09-02,2021,TV-PG,110 min,"Comedies, Romantic Movies"
Movie,Anjaam,Rahul Rawail,"Madhuri Dixit, Shah Rukh Khan, Tinnu Anand, Johny Lever, Kalpana Iyer, Himani Shivpuri, Sudha Chandran, Beena, Kiran Kumar",India,2021-09-02,1994,TV-14,143 min,"Dramas, International Movies, Thrillers"
Movie,Bright Star,Jane Campion,"Abbie Cornish, Ben Whishaw, Paul Schneider, Kerry Fox, Edie Martin, Thomas Brodie-Sangster, Claudie Blakley, Gerard Monaco, Antonia Campbell-Hughes, Samuel Roukin",United Kingdom,2021-09-02,2009,PG,119 min,"Dramas, Romantic Movies"
Movie,Dhanak,Nagesh Kukunoor,"Krrish Chhabria, Hetal Gada, Vipin Sharma, Gulfam Khan, Suresh Menon, Vijay Maurya, Rajiv Lakshman, Ninad Kamat",India,2021-09-02,2015,TV-PG,114 min,"Comedies, Dramas, Independent Movies"
Movie,Final Account,Luke Holland,Unknow,United Kingdom,2021-09-02,2021,PG-13,94 min,Documentaries
Movie,Gurgaon,Shanker Raman,"Akshay Oberoi, Pankaj Tripathi, Ragini Khanna, Aamir Bashir, Shalini Vatsa, Ashish Verma",India,2021-09-02,2017,TV-14,106 min,"Dramas, International Movies, Thrillers"
Movie,Here and There,JP Habac,"Janine Gutierrez, JC Santos, Victor Anastacio, Yesh Burce, Lotlot De Leon",United States,2021-09-02,2020,TV-MA,99 min,"Dramas, International Movies, Romantic Movies"
TV Show,Heroes of Goo Jit Zu,Unknow,"Jon Allen, Kellen Goff, Joe Hernandez, Kaiji Tang",Australia,2021-09-02,2021,TV-Y7,1 Season,"Kids' TV, TV Comedies"
TV Show,Hotel Del Luna,Unknow,"Lee Ji-eun, Yeo Jin-goo, Shin Jung-geun, Seo Yi-sook, Bae Hae-sun, Pyo Ji-hoon, Cho Hyun-chul, Kang Hong-suk, Lee Do-hyun, Lee Tae-seon, Kang Mina, Park You-na, Oh Ji-ho",United States,2021-09-02,2019,TV-14,1 Season,"International TV Shows, Romantic TV Shows, TV Comedies"
Movie,In the Cut,Jane Campion,"Meg Ryan, Mark Ruffalo, Jennifer Jason Leigh, Nick Damici, Sharrieff Pugh, Kevin Bacon, Yaani King Mondschein, Heather Litteer",United Kingdom,2021-09-02,2003,R,118 min,Thrillers
TV Show,Luv Kushh,Unknow,Unknow,United States,2021-09-02,2012,TV-Y7,1 Season,Kids' TV
TV Show,Pororo - The Little Penguin,Unknow,Unknow,South Korea,2021-09-02,2013,TV-Y7,3 Seasons,"Kids' TV, Korean TV Shows"
TV Show,Q-Force,Unknow,"Sean Hayes, Wanda Sykes, Laurie Metcalf, David Harbour, Gary Cole, Patti Harrison, Matt Rogers",United States,2021-09-02,2021,TV-MA,1 Season,"Crime TV Shows, TV Action & Adventure, TV Comedies"
Movie,Shikara,Vidhu Vinod Chopra,"Aadil Khan, Sadia Khateeb, Zain Khan Durrani, Priyanshu Chatterjee, Bhavna Chauhan, Ashwin Dhar, Farid Azad Khan, Saghar Sehrai",India,2021-09-02,2020,TV-14,115 min,"Dramas, International Movies, Romantic Movies"
Movie,A Cinderella Story,Mark Rosman,"Hilary Duff, Chad Michael Murray, Jennifer Coolidge, Dan Byrd, Regina King, Julie Gonzalo, Lin Shaye, Madeline Zima, Andrea Avery, Mary Pat Gleason, Paul Rodriguez, Whip Hubley, Kevin Kilner, Erica Hubbard, Simon Helberg",United States,2021-09-01,2004,PG,95 min,"Children & Family Movies, Comedies"
Movie,Agatha Christie's Crooked House,Gilles Paquet-Brenner,"Glenn Close, Terence Stamp, Max Irons, Gillian Anderson, Christina Hendricks, Stefanie Martini, Julian Sands, Honor Kneafsey, Christian McKay, Amanda Abbington",United States,2021-09-01,2017,PG-13,115 min,"Dramas, International Movies, Thrillers"
Movie,An Unfinished Life,Lasse Hallström,"Robert Redford, Jennifer Lopez, Morgan Freeman, Josh Lucas, Damian Lewis, Camryn Manheim, Becca Gardner, Lynda Boyd, Rob Hayter, P. Lynn Johnson",Germany,2021-09-01,2005,PG-13,108 min,Dramas
Movie,Barbie Big City Big Dreams,Scott Pleydell-Pearce,"America Young, Amber May, Giselle Fernandez, Alejandro Saab, Dinora Walcott",United States,2021-09-01,2021,TV-Y,63 min,"Children & Family Movies, Music & Musicals"
Movie,Blade Runner: The Final Cut,Ridley Scott,"Harrison Ford, Rutger Hauer, Sean Young, Edward James Olmos, M. Emmet Walsh, Daryl Hannah, William Sanderson, Brion James, Joe Turkel, Joanna Cassidy, James Hong, Morgan Paull",United States,2021-09-01,1982,R,117 min,"Action & Adventure, Classic Movies, Cult Movies"
TV Show,Brave Animated Series,Unknow,"Tseng Yun-fan, Kao Yun-shuo, Chiang Ching-yen, Meng Ching-fu, Huang Bai-wei, Ma Kuo-yao, Chen Yen-chun, Sun Ke-fang, Kai Yang-niu, Chen Yu-wen, Nick Liao, Lin Kai-ling, Mickey Huang, Liu Kuan-ting, Jiang Du-hui",United States,2021-09-01,2021,TV-MA,1 Season,"International TV Shows, TV Action & Adventure, TV Comedies"
Movie,Chappie,Neill Blomkamp,"Sharlto Copley, Hugh Jackman, Sigourney Weaver, Dev Patel, Ninja, Yo-Landi Visser, Jose Pablo Cantillo, Brandon Auret, Johnny Selema, Maurice Carpede",South Africa,2021-09-01,2015,R,121 min,"Action & Adventure, Sci-Fi & Fantasy"
Movie,Clear and Present Danger,Phillip Noyce,"Harrison Ford, Willem Dafoe, Anne Archer, Joaquim de Almeida, Henry Czerny, Harris Yulin, Donald Moffat, Miguel Sandoval, Benjamin Bratt, Dean Jones, Thora Birch, James Earl Jones, Raymond Cruz",United States,2021-09-01,1994,PG-13,142 min,"Action & Adventure, Dramas"
Movie,Cliffhanger,Renny Harlin,"Sylvester Stallone, John Lithgow, Michael Rooker, Janine Turner, Rex Linn, Caroline Goodall, Leon, Craig Fairbrass, Ralph Waite, Max Perlich, Paul Winfield",United States,2021-09-01,1993,R,113 min,Action & Adventure
Movie,Cold Mountain,Anthony Minghella,"Jude Law, Nicole Kidman, Renée Zellweger, Eileen Atkins, Brendan Gleeson, Philip Seymour Hoffman, Natalie Portman, Giovanni Ribisi, Donald Sutherland, Ray Winstone",United States,2021-09-01,2003,R,154 min,"Dramas, Romantic Movies"
Movie,Crocodile Dundee in Los Angeles,Simon Wincer,"Paul Hogan, Linda Kozlowski, Jere Burns, Jonathan Banks, Aida Turturro, Alec Wilson, Gerry Skilton, Steve Rackman, Serge Cockburn, Paul Rodriguez, Mark Adair-Rios, Tiriel Mora, Grant Piro, Mike Tyson",Australia,2021-09-01,2001,PG,95 min,"Action & Adventure, Comedies"
Movie,Dear John,Lasse Hallström,"Channing Tatum, Amanda Seyfried, Richard Jenkins, Henry Thomas, D.J. Cotrona, Cullen Moss, Gavin McCulley, Jose Lucena Jr., Keith Robinson, Scott Porter",United States,2021-09-01,2010,PG-13,108 min,"Dramas, Romantic Movies"
Movie,Do the Right Thing,Spike Lee,"Danny Aiello, Ossie Davis, Ruby Dee, Richard Edson, Giancarlo Esposito, Spike Lee, Bill Nunn, John Turturro, Paul Benjamin, Frankie Faison, Samuel L. Jackson, Rosie Perez, Martin Lawrence, Miguel Sandoval",United States,2021-09-01,1989,R,120 min,"Classic Movies, Comedies, Dramas"
Movie,"El patrón, radiografía de un crimen",Sebastián Schindel,"Joaquín Furriel, Luis Ziembrowski, Guillermo Pfening, Mónica Lairana, Germán de Silva, Victoria Raposo, Andrea Garrote",Argentina,2021-09-01,2014,TV-MA,100 min,"Dramas, International Movies, Thrillers"
Movie,Extraction,Steven C. Miller,"Bruce Willis, Kellan Lutz, Gina Carano, D.B. Sweeney, Joshua Mikel, Steve Coulter, Dan Bilzerian, Heather Johansen",United States,2021-09-01,2015,R,82 min,Action & Adventure
Movie,Freedom Writers,Richard LaGravenese,"Hilary Swank, Patrick Dempsey, Scott Glenn, Imelda Staunton, April L. Hernandez, Mario, Kristin Herrera, Jaclyn Ngan, Sergio Montalvo, Jason Finn, Deance Wyatt, Vanetta Smith",Germany,2021-09-01,2007,PG-13,124 min,Dramas
Movie,Green Lantern,Martin Campbell,"Ryan Reynolds, Blake Lively, Peter Sarsgaard, Mark Strong, Tim Robbins, Jay O. Sanders, Taika Waititi, Angela Bassett",United States,2021-09-01,2011,PG-13,114 min,"Action & Adventure, Sci-Fi & Fantasy"
Movie,House Party,Reginald Hudlin,"Christopher Reid, Christopher Martin, Robin Harris, Tisha Campbell, A.J. Johnson, Martin Lawrence, Paul Anthony, Bowlegged Lou, B-Fine, Edith Fields, Kelly Jo Minter, Clifton Powell, Verda Bridges",United States,2021-09-01,1990,R,104 min,"Comedies, Cult Movies"
Movie,House Party 2,"George Jackson, Doug McHenry","Christopher Reid, Christopher Martin, Martin Lawrence, Bowlegged Lou, Paul Anthony, B-Fine, Tisha Campbell, Kamron, Iman, Queen Latifah",United States,2021-09-01,1991,R,94 min,"Comedies, Cult Movies, Music & Musicals"
Movie,House Party 3,Eric Meza,"Christopher Reid, Christopher Martin, Tisha Campbell, David Edwards, Angela Means, Ketty Lester, Bernie Mac, Michael Colyar, Chris Tucker, Khandi Alexander",United States,2021-09-01,1994,R,94 min,"Comedies, Music & Musicals"
TV Show,How to Be a Cowboy,Unknow,Unknow,United States,2021-09-01,2021,TV-PG,1 Season,Reality TV
TV Show,HQ Barbers,Gerhard Mostert,"Hakeem Kae-Kazim, Chioma Omeruah, Orukotan Adejola, Flora Chiedo, Emeka Nwagbaraocha, Anthony Oseyemi, Oluwabukola Thomas, Soibifaa Dokubo",United States,2021-09-01,2020,TV-14,1 Season,TV Shows
Movie,I Got the Hook Up,Michael Martin,"Master P, Anthony Johnson, Gretchen Palmer, Frantz Turner, Richard Keats, Joe Estevez, William Knight, Anthony Boswell, Tommy 'Tiny' Lister, Helen Martin, John Witherspoon, Mia X",United States,2021-09-01,1998,R,93 min,"Action & Adventure, Comedies"
Movie,In Too Deep,Michael Rymer,"Omar Epps, LL Cool J, Nia Long, Stanley Tucci, Pam Grier, Hill Harper, Jake Weber, David Patrick Kelly, Veronica Webb, Ron Canada, Robert LaSardo, Gano Grills, Ivonne Coll, Don Harvey, Mya, Nasir 'Nas' Jones, Jermaine Dupri",United States,2021-09-01,1999,R,97 min,Thrillers
Movie,Initial D,"Andrew Lau Wai-keung, Alan Mak","Jay Chou, Anne Suzuki, Edison Chen, Anthony Wong Chau-sang, Shawn Yue, Chapman To, Jordan Chan, Kenny Bee",China,2021-09-01,2005,TV-14,109 min,"Action & Adventure, International Movies"
Movie,Janoskians: Untold and Untrue,Brett Weiner,"Jai Brooks, Luke Brooks, James Yammouni, Daniel Sahyounie, Beau Brooks",United States,2021-09-01,2016,TV-MA,88 min,Comedies
TV Show,Kid-E-Cats,Unknow,"Lori Gardner, Kate Bristol, Billy Bob Thompson, Marc Thompson, Erica Schroeder",Russia,2021-09-01,2016,TV-Y,2 Seasons,Kids' TV
TV Show,Kuroko's Basketball,Unknow,"Kensho Ono, Yuki Ono, Chiwa Saito, Yoshimasa Hosoya, Hirofumi Nojima, Kenji Hamada, Takuya Eguchi, Soichiro Hoshi, Tatsuhisa Suzuki, Go Inoue, Daisuke Ono, Ryohei Kimura, Junichi Suwabe, Kazuya Nakai, Fumiko Orikasa, Kenichi Suzumura, Kisho Taniyama, Hiroshi Kamiya",Japan,2021-09-01,2015,TV-MA,3 Seasons,"Anime Series, International TV Shows, Teen TV Shows"
Movie,Labyrinth,Jim Henson,"David Bowie, Jennifer Connelly, Frank Oz, Kevin Clash, Anthony Asbury, Dave Goelz, Brian Henson, Ron Mueck, Karen Prell, Shari Weiser",United Kingdom,2021-09-01,1986,PG,101 min,"Action & Adventure, Children & Family Movies, Cult Movies"
Movie,Letters to Juliet,Gary Winick,"Amanda Seyfried, Christopher Egan, Gael García Bernal, Vanessa Redgrave, Franco Nero, Luisa Ranieri, Marina Massironi, Milena Vukotic, Marcia DeBonis, Luisa De Santis, Lidia Biondi, Giordano Formenti, Chris Egan",United States,2021-09-01,2010,PG,105 min,"Comedies, Dramas, Romantic Movies"
Movie,Level 16,Danishka Esterhazy,"Katie Douglas, Celina Martin, Peter Outerbridge, Sara Canning, Alexis Whelan, Amalia Williamson, Josette Halpert, Kiana Madeira",Canada,2021-09-01,2018,TV-14,102 min,"Sci-Fi & Fantasy, Thrillers"
Movie,Love Don't Cost a Thing,Troy Byer,"Nick Cannon, Christina Milian, Kenan Thompson, Kal Penn, Steve Harvey, Al Thompson, Ashley Monique Clark, Elimu Nelson, Nichole Robinson, Melissa Schuman",United States,2021-09-01,2003,PG-13,101 min,"Comedies, Romantic Movies"
Movie,Love in a Puff,Pang Ho-cheung,"Miriam Chin Wah Yeung, Shawn Yue, Singh Hartihan Bitto, Isabel Chan, Cheung Tat-ming, Matt Chow, Chui Tien-you, Queenie Chu, Charmaine Fong, Vincent Kok",Hong Kong,2021-09-01,2010,TV-MA,103 min,"Comedies, Dramas, International Movies"
TV Show,Major Dad,Unknow,"Gerald McRaney, Shanna Reed, Nicole Dubuc, Chelsea Hertford, Marisa Ryan, Matt Mulhern, Beverly Archer, Jon Cypher",United States,2021-09-01,1992,TV-PG,4 Seasons,TV Comedies
Movie,Mars Attacks!,Tim Burton,"Jack Nicholson, Glenn Close, Annette Bening, Pierce Brosnan, Danny DeVito, Martin Short, Sarah Jessica Parker, Michael J. Fox, Rod Steiger, Tom Jones, Lukas Haas, Natalie Portman",United States,2021-09-01,1996,PG-13,106 min,"Comedies, Cult Movies, Sci-Fi & Fantasy"
Movie,Marshall,Reginald Hudlin,"Chadwick Boseman, Josh Gad, Kate Hudson, Sterling K. Brown, Dan Stevens, James Cromwell, Keesha Sharp, Roger Guenveur Smith, Derrick Baskin, Barrett Doss",United States,2021-09-01,2017,PG-13,118 min,Dramas
Movie,My Boss's Daughter,David Zucker,"Ashton Kutcher, Tara Reid, Jeffrey Tambor, Andy Richter, Michael Madsen, Jon Abrahams, David Koechner, Carmen Electra, Kenan Thompson, Terence Stamp, Molly Shannon",United States,2021-09-01,2003,R,86 min,"Comedies, Romantic Movies"
Movie,Mystery Men,Kinka Usher,"Ben Stiller, Hank Azaria, William H. Macy, Janeane Garofalo, Kel Mitchell, Paul Reubens, Wes Studi, Greg Kinnear, Geoffrey Rush, Lena Olin, Eddie Izzard, Artie Lange, Pras, Claire Forlani, Tom Waits",United States,2021-09-01,1999,PG-13,121 min,"Action & Adventure, Comedies"
TV Show,Oldsters,Unknow,"Patricio Contreras, Alejandro Goic, Sergio Hernández, Mariana Loyola Ruz, Alejandro Trejo, Daniel Alcaíno Cuevas, Nicolás Poblete, Susana Hidalgo, Gloria Münchmeyer",United States,2021-09-01,2019,TV-MA,1 Season,"Crime TV Shows, International TV Shows, Spanish-Language TV Shows"
Movie,Once Upon a Time in America,Sergio Leone,"Robert De Niro, James Woods, Elizabeth McGovern, Treat Williams, Tuesday Weld, Burt Young, Joe Pesci, Danny Aiello, William Forsythe, James Hayden",Italy,2021-09-01,1984,R,229 min,"Classic Movies, Dramas"
Movie,Open Season 2,"Matthew O'Callaghan, Todd Wilderman","Joel McHale, Mike Epps, Jane Krakowski, Billy Connolly, Crispin Glover, Steve Schirripa, Georgia Engel, Diedrich Bader, Cody Cameron, Fred Stoller, Olivia Hack",United States,2021-09-01,2008,PG,76 min,"Children & Family Movies, Comedies"
Movie,Osmosis Jones,"Bobby Farrelly, Peter Farrelly","Chris Rock, Laurence Fishburne, David Hyde Pierce, Brandy Norwood, William Shatner, Ron Howard, Kid Rock, Ben Stein",United States,2021-09-01,2001,PG,95 min,"Action & Adventure, Children & Family Movies, Comedies"
Movie,Poseidon,Wolfgang Petersen,"Josh Lucas, Kurt Russell, Jacinda Barrett, Richard Dreyfuss, Emmy Rossum, Mía Maestro, Mike Vogel, Kevin Dillon, Freddy Rodríguez",United States,2021-09-01,2006,PG-13,98 min,"Action & Adventure, Dramas"
Movie,Rhyme & Reason,Peter Spirer,"Too $hort, B-Real, Kurtis Blow, Da Brat, Grandmaster Caz, Sean ""P. Diddy"" Combs, Chuck D., Desiree Densiti, Dr. Dre, E-40, MC Eiht, Heavy D, Lauryn Hill, Ice-T, Wyclef Jean, Ras Kass, KRS-One, L.V., Mack 10, Craig Mack, Method Man, Keith Murray, Nasir 'Nas' Jones, The Notorious B.I.G., Master P, Q-Tip, Raekwon, Redman, Senen Reyes, Busta Rhymes, RZA, DJ Scratch, Erick Sermon, Tupac Shakur, Adario Strange, Suave",United States,2021-09-01,1997,R,89 min,"Documentaries, Music & Musicals"
Movie,Same Kind of Different as Me,Michael Carney,"Greg Kinnear, Renée Zellweger, Djimon Hounsou, Jon Voight, Olivia Holt",United States,2021-09-01,2017,PG-13,120 min,"Dramas, Faith & Spirituality"
Movie,School of Rock,Richard Linklater,"Jack Black, Joan Cusack, Mike White, Sarah Silverman, Lee Wilkof, Kate McGregor-Stewart, Adam Pascal, Suzzanne Douglas, Miranda Cosgrove, Kevin Alexander Clark, Joey Gaydos Jr., Robert Tsai, Veronica Afflerbach, Jordan-Claire Green",United States,2021-09-01,2003,PG-13,110 min,"Comedies, Music & Musicals"
Movie,Snervous Tyler Oakley,Amy Rice,Tyler Oakley,United States,2021-09-01,2015,PG-13,83 min,"Documentaries, LGBTQ Movies"
Movie,Tears of the Sun,Antoine Fuqua,"Bruce Willis, Monica Bellucci, Cole Hauser, Eamonn Walker, Johnny Messner, Nick Chinlund, Charles Ingram, Paul Francis, Chad Smith, Tom Skerritt, Malick Bowens, Awaovieyi Agie",United States,2021-09-01,2003,R,121 min,"Action & Adventure, Dramas"
Movie,The Blue Lagoon,Randal Kleiser,"Brooke Shields, Christopher Atkins, Leo McKern, William Daniels, Elva Josephson, Glenn Kohan, Alan Hopgood, Gus Mercurio",United States,2021-09-01,1980,R,105 min,"Dramas, Romantic Movies"
Movie,The Golden Child,Michael Ritchie,"Eddie Murphy, J.L. Reate, Charles Dance, Charlotte Lewis, Victor Wong, Randall Tex Cobb, James Hong, Shakti Chen, Tau Logo, Tiger Chung Lee",United States,2021-09-01,1986,PG-13,94 min,"Action & Adventure, Comedies"
Movie,The Guns of Navarone,J. Lee Thompson,"Gregory Peck, David Niven, Anthony Quinn, Stanley Baker, Anthony Quayle, James Darren, Irene Papas, Gia Scala, James Robertson Justice, Richard Harris",United Kingdom,2021-09-01,1961,TV-14,156 min,"Action & Adventure, Classic Movies"
Movie,The Interview,"Evan Goldberg, Seth Rogen","James Franco, Seth Rogen, Lizzy Caplan, Randall Park, Diana Bang, Timothy Simons, Reese Alexander, James Yi",United States,2021-09-01,2014,R,112 min,"Action & Adventure, Comedies"
Movie,The Nutty Professor,Tom Shadyac,"Eddie Murphy, Jada Pinkett Smith, James Coburn, Larry Miller, Dave Chappelle, John Ales, Patricia Wilson, Jamal Mixon",United States,2021-09-01,1996,PG-13,95 min,"Comedies, Romantic Movies"
Movie,The Nutty Professor II: The Klumps,Peter Segal,"Eddie Murphy, Janet Jackson, Larry Miller, John Ales, Richard Gant, Anna Maria Horsford, Melinda McGraw, Jamal Mixon, Gabriel Williams, Chris Elliott",United States,2021-09-01,2000,PG-13,107 min,"Comedies, Romantic Movies"
TV Show,Turning Point: 9/11 and the War on Terror,Unknow,Unknow,United States,2021-09-01,2021,TV-14,1 Season,Docuseries
Movie,Welcome Home Roscoe Jenkins,Malcolm D. Lee,"Martin Lawrence, James Earl Jones, Joy Bryant, Margaret Avery, Mike Epps, Mo'Nique, Cedric the Entertainer, Nicole Ari Parker, Michael Clarke Duncan, Louis C.K.",United States,2021-09-01,2008,PG-13,114 min,Comedies
Movie,In the Line of Fire,Wolfgang Petersen,"Clint Eastwood, John Malkovich, Rene Russo, Dylan McDermott, Gary Cole, Fred Thompson, John Mahoney, Gregory Alan Williams, Jim Curley, Sally Hughes",United States,2021-08-31,1993,R,129 min,"Action & Adventure, Classic Movies"
TV Show,Sparking Joy,Unknow,Marie Kondo,United States,2021-08-31,2021,TV-PG,1 Season,Reality TV
Movie,Untold: Crime & Penalties,"Chapman Way, Maclain Way",Unknow,United States,2021-08-31,2021,TV-MA,86 min,"Documentaries, Sports Movies"
TV Show,Hometown Cha-Cha-Cha,Unknow,"Shin Min-a, Kim Seon-ho, Lee Sang-yi, Gong Min-jeung, Kim Young-ok, Cho Han-cheul, In Gyo-jin, Lee Bong-ryeon, Cha Cheong-hwa, Kang Hyung-suk",United States,2021-08-29,2021,TV-14,1 Season,"International TV Shows, Romantic TV Shows, TV Comedies"
TV Show,The Ingenuity of the Househusband,Unknow,Kenjiro Tsuda,United States,2021-08-29,2021,TV-G,1 Season,"International TV Shows, TV Comedies"
Movie,2 Alone in Paris,"Ramzy Bedia, Éric Judor","Ramzy Bedia, Éric Judor, Benoît Magimel, Kristin Scott Thomas, Élodie Bouchez, Édouard Baer, Fred Testot, Omar Sy",France,2021-08-28,2008,TV-MA,97 min,"Comedies, International Movies"
TV Show,Bread Barbershop,Unknow,"Um Sang-hyun, Park Yoon-hee, Kang Shi-hyun, Hong Bum-ki, Kim Hyun-wook, Lee In-suk, Song Ha-rim",United States,2021-08-28,2020,TV-Y,2 Seasons,"Kids' TV, TV Comedies"
Movie,Thimmarusu,Sharan Koppisetty,"Satya Dev, Priyanka Jawalkar, Brahmaji",India,2021-08-28,2021,TV-14,125 min,"Dramas, International Movies"
Movie,Wind River,Taylor Sheridan,"Jeremy Renner, Elizabeth Olsen, Jon Bernthal, Gil Birmingham, Kelsey Asbille, Tantoo Cardinal, Teo Briones, Matthew Del Negro, Hugh Dillon, Julia Jones, James Jordan, Eric Lange, Martin Sensmeier, Mason Davis, Graham Greene",United Kingdom,2021-08-28,2017,R,107 min,"Dramas, Independent Movies"
Movie,C Kkompany,Sachin Yardi,"Mithun Chakraborty, Tusshar Kapoor, Anupam Kher, Rajpal Yadav, Raima Sen, Dilip Prabhavalkar, Sanjay Mishra",India,2021-08-27,2008,TV-14,127 min,"Action & Adventure, Comedies, International Movies"
TV Show,D.P.,Unknow,"Jung Hae-in, Koo Kyo-hwan, Kim Sung-kyun, Son Suk-ku",,2021-08-27,2021,TV-MA,1 Season,"International TV Shows, TV Dramas"
TV Show,Deadly Sins,Unknow,"Frank Ramirez, Patricia Castañeda, Chela del Río, Patrick Delmas, María José Martínez, Robinson Díaz, Juan Ángel, Guillermo Olarte, Constanza Duque, Marcela Carvajal",United States,2021-08-27,2002,TV-MA,1 Season,"International TV Shows, Spanish-Language TV Shows, TV Dramas"
Movie,EMI: Liya Hai To Chukana Padega,Saurabh Kabra,"Sanjay Dutt, Arjun Rampal, Malaika Arora, Aashish Chaudhary, Neha Uberoi, Urmila Matondkar, Manoj Joshi, Daya Shankar Pandey, Pushkar Jog, Kulbhushan Kharbanda",India,2021-08-27,2008,TV-14,128 min,"Comedies, Dramas, International Movies"
Movie,He's All That,Mark Waters,"Addison Rae, Tanner Buchanan, Rachael Leigh Cook, Madison Pettis, Isabella Crovetti, Matthew Lillard, Peyton Meyer, Annie Jacob, Myra Molloy, Kourtney Kardashian",United States,2021-08-27,2021,TV-14,92 min,"Comedies, Romantic Movies"
TV Show,I Heart Arlo,Unknow,"Michael J. Woodard, Mary Lambert, Jonathan Van Ness, Haley Tju, Brett Gelman, Tony Hale, Vincent Rodriguez III, Annie Potts, Jessica Williams, Melissa Villaseñor, Cathy Vu, Jennifer Coolidge, Flea",United States,2021-08-27,2021,TV-Y7,1 Season,"Kids' TV, TV Comedies"
TV Show,King of Boys: The Return of the King,Kemi Adetiba,"Sola Sobowale, Toni Tones, Richard Mofe-Damijo, Efa Iwara, Titi Kuti, Tobechukwu ""iLLbliss"" Ejiofor, Remilekun ""Reminisce"" Safaru, Charles  ""Charly Boy"" Oputa, Nse Ikpe-Etim, Keppy Ekpenyong Bassey, Bimbo Manuel, Akin Lewis, Lord Frank, Osas Ighodaro, Taiwo Ajai-Lycett, Paul Sambo",Nigeria,2021-08-27,2021,TV-MA,1 Season,"Crime TV Shows, International TV Shows, TV Dramas"
Movie,Koi Aap Sa,Partho Mitra,"Aftab Shivdasani, Natassha, Dipannita Sharma, Himanshu Mallik, Vaidya Advai, Pushy Anand, Shama Deshpande, Rajendra Gupta",India,2021-08-27,2006,TV-14,135 min,"Comedies, Dramas, International Movies"
